Date,Name,Year,Letterboxd URI
2024-06-01,Groundhog Day,1993,https://boxd.it/2b3e
2024-06-08,The Man Who Knew Infinity,2015,https://boxd.it/bTpm
2024-07-05,The Shawshank Redemption,1994,https://boxd.it/2aHi
2024-07-27,Predestination,2014,https://boxd.it/6bJM
2024-08-05,Children of Men,2006,https://boxd.it/1Y2i
2024-08-06,The Butterfly Effect,2004,https://boxd.it/27M0
2024-08-13,Requiem for a Dream,2000,https://boxd.it/29VI
2024-08-25,The Batman,2022,https://boxd.it/eDGs
2024-08-25,Fight Club,1999,https://boxd.it/2a9q
2024-08-25,Donnie Darko,2001,https://boxd.it/2b2A
2024-08-25,Jojo Rabbit,2019,https://boxd.it/iEBG
2024-08-25,Palm Springs,2020,https://boxd.it/lCXQ
2024-08-25,Interstellar,2014,https://boxd.it/4VZ8
2024-08-25,Lost in Translation,2003,https://boxd.it/2b0E
2024-08-26,Cast Away,2000,https://boxd.it/20i8
2024-08-27,Before Sunrise,1995,https://boxd.it/2bcU
2024-08-28,Vertigo,1958,https://boxd.it/2apI
2024-08-31,Before Sunset,2004,https://boxd.it/2bcg
2024-09-10,Jurassic Park,1993,https://boxd.it/2aA2
2024-09-10,The Lost World: Jurassic Park,1997,https://boxd.it/2azS
2024-09-10,Jurassic Park III,2001,https://boxd.it/2azI
2024-09-11,Jurassic World,2015,https://boxd.it/4n0g
2024-09-11,Jurassic World: Fallen Kingdom,2018,https://boxd.it/bOnU
2024-09-12,Jurassic World Dominion,2022,https://boxd.it/ikXW
2024-09-25,Fracture,2007,https://boxd.it/220K
2024-10-07,The Ministry of Ungentlemanly Warfare,2024,https://boxd.it/u5zu
2024-10-16,The Terminal,2004,https://boxd.it/2a2O
2024-10-26,The Spanish Prisoner,1997,https://boxd.it/1nZW
2024-10-28,After Hours,1985,https://boxd.it/1VfS
